Id,Name,Status,Created,Tags,Provider,Service
61c4afc6fa27f6488337bd12,,Completed,2021-12-23T17:20:06.281Z,,ibm-q-hub-ntu/ntu-internal/default,ibm_lagos
61c42c893b6df94c8273cf11,,Completed,2021-12-23T08:00:09.539Z,,ibm-q-hub-ntu/ntu-internal/default,ibm_lagos
61c42c83a81fcfae56d1c4b0,,Completed,2021-12-23T08:00:02.961Z,,ibm-q-hub-ntu/ntu-internal/default,ibm_lagos
61c42c7dfa27f60b6537bae7,,Completed,2021-12-23T07:59:57.640Z,,ibm-q-hub-ntu/ntu-internal/default,ibm_lagos
61c42c78525f9e73b8395a62,,Completed,2021-12-23T07:59:52.293Z,,ibm-q-hub-ntu/ntu-internal/default,ibm_lagos
61c42c7281db3ed48884f2fd,,Completed,2021-12-23T07:59:46.102Z,,ibm-q-hub-ntu/ntu-internal/default,ibm_lagos
61c42c6c81db3e67e984f2fc,,Completed,2021-12-23T07:59:40.785Z,,ibm-q-hub-ntu/ntu-internal/default,ibm_lagos
61c42c67e2b9d13c6d912591,,Completed,2021-12-23T07:59:35.740Z,,ibm-q-hub-ntu/ntu-internal/default,ibm_lagos
61c42c62576354641ef4fd34,,Completed,2021-12-23T07:59:30.054Z,,ibm-q-hub-ntu/ntu-internal/default,ibm_lagos
61c42c5c5763540f84f4fd33,,Completed,2021-12-23T07:59:24.307Z,,ibm-q-hub-ntu/ntu-internal/default,ibm_lagos
61c42c57fa27f6334837bae6,,Completed,2021-12-23T07:59:19.102Z,,ibm-q-hub-ntu/ntu-internal/default,ibm_lagos
61c42c5081db3e220e84f2fb,,Completed,2021-12-23T07:59:12.940Z,,ibm-q-hub-ntu/ntu-internal/default,ibm_lagos
61c42c4b5763546f27f4fd32,,Completed,2021-12-23T07:59:07.439Z,,ibm-q-hub-ntu/ntu-internal/default,ibm_lagos
61c42c4520e2c4807aeae40b,,Completed,2021-12-23T07:59:01.771Z,,ibm-q-hub-ntu/ntu-internal/default,ibm_lagos
61c42c40e2b9d174a1912590,,Completed,2021-12-23T07:58:56.645Z,,ibm-q-hub-ntu/ntu-internal/default,ibm_lagos
61c42c3a81db3e2bc184f2f9,,Completed,2021-12-23T07:58:50.483Z,,ibm-q-hub-ntu/ntu-internal/default,ibm_lagos
61c42c34fa27f632b137bae4,,Completed,2021-12-23T07:58:44.840Z,,ibm-q-hub-ntu/ntu-internal/default,ibm_lagos
61c42c2fe2b9d17c3e91258f,,Completed,2021-12-23T07:58:39.305Z,,ibm-q-hub-ntu/ntu-internal/default,ibm_lagos
61c42c2981db3e6b2f84f2f7,,Completed,2021-12-23T07:58:33.794Z,,ibm-q-hub-ntu/ntu-internal/default,ibm_lagos
61c42c24255d4e0fd9d64a85,,Completed,2021-12-23T07:58:28.305Z,,ibm-q-hub-ntu/ntu-internal/default,ibm_lagos
61c42c1e20e2c41743eae408,,Completed,2021-12-23T07:58:22.608Z,,ibm-q-hub-ntu/ntu-internal/default,ibm_lagos
61c42c1881db3ea73384f2f6,,Completed,2021-12-23T07:58:16.888Z,,ibm-q-hub-ntu/ntu-internal/default,ibm_lagos
61c42c12fa27f6141f37bae3,,Completed,2021-12-23T07:58:10.690Z,,ibm-q-hub-ntu/ntu-internal/default,ibm_lagos
61c42c0da81fcfa773d1c4ad,,Completed,2021-12-23T07:58:05.205Z,,ibm-q-hub-ntu/ntu-internal/default,ibm_lagos
61c42c07e2b9d1427791258e,,Completed,2021-12-23T07:57:59.300Z,,ibm-q-hub-ntu/ntu-internal/default,ibm_lagos
61c42c01e2b9d12f7891258d,,Completed,2021-12-23T07:57:53.566Z,,ibm-q-hub-ntu/ntu-internal/default,ibm_lagos
61c42bfae2b9d1548a91258c,,Completed,2021-12-23T07:57:46.842Z,,ibm-q-hub-ntu/ntu-internal/default,ibm_lagos
61c42bf5a81fcf3809d1c4ac,,Completed,2021-12-23T07:57:41.435Z,,ibm-q-hub-ntu/ntu-internal/default,ibm_lagos
61c42beffa27f602b437bae1,,Completed,2021-12-23T07:57:35.954Z,,ibm-q-hub-ntu/ntu-internal/default,ibm_lagos
61c42be906d47f3ce1c40c08,,Completed,2021-12-23T07:57:29.955Z,,ibm-q-hub-ntu/ntu-internal/default,ibm_lagos
61c42be481db3e1ee884f2f4,,Completed,2021-12-23T07:57:24.461Z,,ibm-q-hub-ntu/ntu-internal/default,ibm_lagos
61c42bde06d47f509cc40c07,,Completed,2021-12-23T07:57:18.300Z,,ibm-q-hub-ntu/ntu-internal/default,ibm_lagos
61c42bd93b6df9356a73cf0c,,Completed,2021-12-23T07:57:12.944Z,,ibm-q-hub-ntu/ntu-internal/default,ibm_lagos
61c42bd257635415d7f4fd30,,Completed,2021-12-23T07:57:06.597Z,,ibm-q-hub-ntu/ntu-internal/default,ibm_lagos
61c42bcde2b9d1c94091258b,,Completed,2021-12-23T07:57:01.370Z,,ibm-q-hub-ntu/ntu-internal/default,ibm_lagos
61c42bc7a81fcf12e7d1c4aa,,Completed,2021-12-23T07:56:55.318Z,,ibm-q-hub-ntu/ntu-internal/default,ibm_lagos
61c42bc120e2c442f0eae407,,Completed,2021-12-23T07:56:49.663Z,,ibm-q-hub-ntu/ntu-internal/default,ibm_lagos
61c42bbb06d47fd94cc40c06,,Completed,2021-12-23T07:56:43.929Z,,ibm-q-hub-ntu/ntu-internal/default,ibm_lagos
61c42bb6525f9ef550395a5e,,Completed,2021-12-23T07:56:38.302Z,,ibm-q-hub-ntu/ntu-internal/default,ibm_lagos
61c42bb1e2b9d19f1e91258a,,Completed,2021-12-23T07:56:32.982Z,,ibm-q-hub-ntu/ntu-internal/default,ibm_lagos
61c42bab525f9e70aa395a5d,,Completed,2021-12-23T07:56:27.673Z,,ibm-q-hub-ntu/ntu-internal/default,ibm_lagos
61c42ba606d47ff98cc40c05,,Completed,2021-12-23T07:56:21.984Z,,ibm-q-hub-ntu/ntu-internal/default,ibm_lagos
61c42ba05763544837f4fd2f,,Completed,2021-12-23T07:56:16.379Z,,ibm-q-hub-ntu/ntu-internal/default,ibm_lagos
61c42b9b3b6df9d50e73cf0b,,Completed,2021-12-23T07:56:11.314Z,,ibm-q-hub-ntu/ntu-internal/default,ibm_lagos
61c42b9506d47f02bbc40c04,,Completed,2021-12-23T07:56:05.326Z,,ibm-q-hub-ntu/ntu-internal/default,ibm_lagos
61c42b8f3b6df9249b73cf0a,,Completed,2021-12-23T07:55:59.921Z,,ibm-q-hub-ntu/ntu-internal/default,ibm_lagos
61c42b8a3b6df93f9073cf09,,Completed,2021-12-23T07:55:54.517Z,,ibm-q-hub-ntu/ntu-internal/default,ibm_lagos
61c42b8520e2c46010eae405,,Completed,2021-12-23T07:55:49.054Z,,ibm-q-hub-ntu/ntu-internal/default,ibm_lagos
61c42b7f525f9e78a9395a5c,,Completed,2021-12-23T07:55:43.649Z,,ibm-q-hub-ntu/ntu-internal/default,ibm_lagos
61c42b79e2b9d1cd6b912589,,Completed,2021-12-23T07:55:37.500Z,,ibm-q-hub-ntu/ntu-internal/default,ibm_lagos
61c42b74a81fcf3c82d1c4a9,,Completed,2021-12-23T07:55:32.249Z,,ibm-q-hub-ntu/ntu-internal/default,ibm_lagos
61c42b6e3b6df94aef73cf08,,Completed,2021-12-23T07:55:26.749Z,,ibm-q-hub-ntu/ntu-internal/default,ibm_lagos
61c42b69e2b9d1b721912588,,Completed,2021-12-23T07:55:21.382Z,,ibm-q-hub-ntu/ntu-internal/default,ibm_lagos
61c42b6381db3e273084f2f3,,Completed,2021-12-23T07:55:15.832Z,,ibm-q-hub-ntu/ntu-internal/default,ibm_lagos
61c42b5e525f9e780b395a5b,,Completed,2021-12-23T07:55:10.216Z,,ibm-q-hub-ntu/ntu-internal/default,ibm_lagos
61c42b5881db3ea3f384f2f2,,Completed,2021-12-23T07:55:04.958Z,,ibm-q-hub-ntu/ntu-internal/default,ibm_lagos
61c42b5306d47fb760c40c03,,Completed,2021-12-23T07:54:59.423Z,,ibm-q-hub-ntu/ntu-internal/default,ibm_lagos
61c42b4dfa27f66e2f37badf,,Completed,2021-12-23T07:54:53.900Z,,ibm-q-hub-ntu/ntu-internal/default,ibm_lagos
61c42b4881db3e4ea284f2f1,,Completed,2021-12-23T07:54:48.473Z,,ibm-q-hub-ntu/ntu-internal/default,ibm_lagos
61c42b423b6df9ce2073cf05,,Completed,2021-12-23T07:54:42.210Z,,ibm-q-hub-ntu/ntu-internal/default,ibm_lagos
61c42b3de2b9d1c2b5912586,,Completed,2021-12-23T07:54:36.987Z,,ibm-q-hub-ntu/ntu-internal/default,ibm_lagos
61c42b3720e2c44f56eae402,,Completed,2021-12-23T07:54:30.969Z,,ibm-q-hub-ntu/ntu-internal/default,ibm_lagos
61c42b313b6df9a5b473cf04,,Completed,2021-12-23T07:54:25.703Z,,ibm-q-hub-ntu/ntu-internal/default,ibm_lagos
61c42b2ce2b9d13aeb912584,,Completed,2021-12-23T07:54:20.584Z,,ibm-q-hub-ntu/ntu-internal/default,ibm_lagos
61c42b27525f9ecb54395a59,,Completed,2021-12-23T07:54:14.992Z,,ibm-q-hub-ntu/ntu-internal/default,ibm_lagos
61c42b2181db3e553984f2ef,,Completed,2021-12-23T07:54:09.121Z,,ibm-q-hub-ntu/ntu-internal/default,ibm_lagos
61c42b1ba81fcf8468d1c4a6,,Completed,2021-12-23T07:54:03.520Z,,ibm-q-hub-ntu/ntu-internal/default,ibm_lagos
61c42b1606d47fd005c40c01,,Completed,2021-12-23T07:53:58.277Z,,ibm-q-hub-ntu/ntu-internal/default,ibm_lagos
61c42b103b6df9844173cf02,,Completed,2021-12-23T07:53:52.682Z,,ibm-q-hub-ntu/ntu-internal/default,ibm_lagos
61c42b0a525f9ee75f395a57,,Completed,2021-12-23T07:53:46.863Z,,ibm-q-hub-ntu/ntu-internal/default,ibm_lagos
61c42b053b6df96f6373cf00,,Completed,2021-12-23T07:53:41.086Z,,ibm-q-hub-ntu/ntu-internal/default,ibm_lagos
61c42affa81fcfe6e8d1c4a5,,Completed,2021-12-23T07:53:35.734Z,,ibm-q-hub-ntu/ntu-internal/default,ibm_lagos
61c42afa576354fda3f4fd2b,,Completed,2021-12-23T07:53:30.613Z,,ibm-q-hub-ntu/ntu-internal/default,ibm_lagos
61c42af55763548c76f4fd2a,,Completed,2021-12-23T07:53:25.123Z,,ibm-q-hub-ntu/ntu-internal/default,ibm_lagos
61c42aef06d47f8d45c40c00,,Completed,2021-12-23T07:53:19.854Z,,ibm-q-hub-ntu/ntu-internal/default,ibm_lagos
61c42aea3b6df93eb073cefe,,Completed,2021-12-23T07:53:14.611Z,,ibm-q-hub-ntu/ntu-internal/default,ibm_lagos
61c42ae53b6df95e7e73cefd,,Completed,2021-12-23T07:53:09.174Z,,ibm-q-hub-ntu/ntu-internal/default,ibm_lagos
61c42adffa27f67d1537bade,,Completed,2021-12-23T07:53:03.692Z,,ibm-q-hub-ntu/ntu-internal/default,ibm_lagos
61c42ada5763543453f4fd29,,Completed,2021-12-23T07:52:58.305Z,,ibm-q-hub-ntu/ntu-internal/default,ibm_lagos
61c42ad43b6df9af3173cefc,,Completed,2021-12-23T07:52:52.565Z,,ibm-q-hub-ntu/ntu-internal/default,ibm_lagos
61c42acf525f9e8101395a56,,Completed,2021-12-23T07:52:47.174Z,,ibm-q-hub-ntu/ntu-internal/default,ibm_lagos
61c42ac920e2c4426deae400,,Completed,2021-12-23T07:52:41.801Z,,ibm-q-hub-ntu/ntu-internal/default,ibm_lagos
61c42ac4e2b9d1cfeb912581,,Completed,2021-12-23T07:52:36.808Z,,ibm-q-hub-ntu/ntu-internal/default,ibm_lagos
61c42abf81db3e160884f2e8,,Completed,2021-12-23T07:52:31.111Z,,ibm-q-hub-ntu/ntu-internal/default,ibm_lagos
61c42ab906d47fd2b6c40bfb,,Completed,2021-12-23T07:52:25.429Z,,ibm-q-hub-ntu/ntu-internal/default,ibm_lagos
61c42ab357635489a7f4fd28,,Completed,2021-12-23T07:52:19.725Z,,ibm-q-hub-ntu/ntu-internal/default,ibm_lagos
61c42aae255d4ea0dad64a82,,Completed,2021-12-23T07:52:13.917Z,,ibm-q-hub-ntu/ntu-internal/default,ibm_lagos
61c42aa8a81fcf3316d1c4a1,,Completed,2021-12-23T07:52:08.304Z,,ibm-q-hub-ntu/ntu-internal/default,ibm_lagos
61c42aa120e2c466c3eae3ff,,Completed,2021-12-23T07:52:01.859Z,,ibm-q-hub-ntu/ntu-internal/default,ibm_lagos
61c42a9c20e2c41260eae3fe,,Completed,2021-12-23T07:51:56.697Z,,ibm-q-hub-ntu/ntu-internal/default,ibm_lagos
61c42a965763542308f4fd27,,Completed,2021-12-23T07:51:50.849Z,,ibm-q-hub-ntu/ntu-internal/default,ibm_lagos
61c42a91576354316ef4fd26,,Completed,2021-12-23T07:51:45.368Z,,ibm-q-hub-ntu/ntu-internal/default,ibm_lagos
61c42a8c20e2c42413eae3fd,,Completed,2021-12-23T07:51:40.159Z,,ibm-q-hub-ntu/ntu-internal/default,ibm_lagos
61c42a86255d4e4e60d64a81,,Completed,2021-12-23T07:51:34.378Z,,ibm-q-hub-ntu/ntu-internal/default,ibm_lagos
61c42a8020e2c4873deae3fc,,Completed,2021-12-23T07:51:28.186Z,,ibm-q-hub-ntu/ntu-internal/default,ibm_lagos
61c42a7a81db3eaa6384f2e6,,Completed,2021-12-23T07:51:22.395Z,,ibm-q-hub-ntu/ntu-internal/default,ibm_lagos
61c42a75a81fcffb2ad1c49c,,Completed,2021-12-23T07:51:17.417Z,,ibm-q-hub-ntu/ntu-internal/default,ibm_lagos
61c42a6ffa27f6d25937bada,,Completed,2021-12-23T07:51:11.863Z,,ibm-q-hub-ntu/ntu-internal/default,ibm_lagos
61c42a6906d47fb4adc40bf6,,Completed,2021-12-23T07:51:05.678Z,,ibm-q-hub-ntu/ntu-internal/default,ibm_lagos
61c42a63fa27f6989d37bad7,,Completed,2021-12-23T07:50:59.104Z,,ibm-q-hub-ntu/ntu-internal/default,ibm_lagos
61c42a5ca81fcfc633d1c49b,,Completed,2021-12-23T07:50:52.260Z,,ibm-q-hub-ntu/ntu-internal/default,ibm_lagos
